<?xml version="1.0" encoding="UTF-8"?>
<clientes>
    <cliente>
        <rfc>AAAA</rfc>
        <nombre>aqui el nombre</nombre>
        <direccion>la misma</direccion>
        <telefono>123456</telefono>
        <correo>a@a.com</correo>
    </cliente>
</clientes>

<!--{ "clientes":[
{
"rfc":"AAAA",
"nombre":"el nombre",
"direccion":"la direccion", 
"telefono":123456,
"correo":"a@a.com"
},
{
"rfc":"AAAA",
"nombre":"el nombre",
"direccion":"la direccion", 
"telefono":123456,
"correo":"a@a.com"
},
{
"rfc":"AAAA",
"nombre":"el nombre",
"direccion":"la direccion", 
"telefono":123456,
"correo":"a@a.com"
},
]
}-->